{
  "n_total": 1311,
  "overall_accuracy": 0.627765064836003,
  "baseline_accuracy": 0.7063310450038138,
  "lift_over_baseline": -0.0785659801678108,
  "macro_f1": 0.328552143063511,
  "classification_report": {
    "down": {
      "precision": 0.2,
      "recall": 0.05238095238095238,
      "f1-score": 0.0830188679245283,
      "support": 210.0
    },
    "flat": {
      "precision": 0.7115902964959568,
      "recall": 0.8552915766738661,
      "f1-score": 0.7768513977439921,
      "support": 926.0
    },
    "up": {
      "precision": 0.13986013986013987,
      "recall": 0.11428571428571428,
      "f1-score": 0.12578616352201258,
      "support": 175.0
    },
    "accuracy": 0.627765064836003,
    "macro avg": {
      "precision": 0.3504834787853655,
      "recall": 0.34065274778017757,
      "f1-score": 0.328552143063511,
      "support": 1311.0
    },
    "weighted avg": {
      "precision": 0.5533242860646685,
      "recall": 0.627765064836003,
      "f1-score": 0.5788031542268802,
      "support": 1311.0
    }
  },
  "confusion_matrix": [
    [
      11,
      172,
      27
    ],
    [
      38,
      792,
      96
    ],
    [
      6,
      149,
      20
    ]
  ],
  "per_person": {
    "VitalikButerin": {
      "n": 24,
      "accuracy": 0.7083333333333334,
      "macro_f1": 0.2764227642276423
    },
    "cz_binance": {
      "n": 121,
      "accuracy": 0.6611570247933884,
      "macro_f1": 0.3702087777131407
    },
    "elonmusk": {
      "n": 768,
      "accuracy": 0.6770833333333334,
      "macro_f1": 0.30304007717267384
    },
    "realDonaldTrump": {
      "n": 241,
      "accuracy": 0.5684647302904564,
      "macro_f1": 0.2777425491439442
    },
    "saylor": {
      "n": 157,
      "accuracy": 0.4394904458598726,
      "macro_f1": 0.3561230823800656
    }
  },
  "quarterly": [
    {
      "quarter": "Q1 2025",
      "accuracy": 0.632065775950668,
      "n_tweets": 973
    },
    {
      "quarter": "Q4 2024",
      "accuracy": 0.6153846153846154,
      "n_tweets": 338
    }
  ],
  "yearly": [
    {
      "year": 2024,
      "accuracy": 0.6153846153846154,
      "n_tweets": 338
    },
    {
      "year": 2025,
      "accuracy": 0.632065775950668,
      "n_tweets": 973
    }
  ],
  "high_confidence_subset": {
    "threshold_0.5": {
      "n": 215,
      "accuracy": 0.7023255813953488
    },
    "threshold_0.7": {
      "n": 0,
      "accuracy": null
    }
  }
}